Metascore,Meta Status,# of Critic Reviews,Userscore,Userscore Status,Rating,Year,Number of Platforms,Rank,Positive %,Mixed %,Negative %,Month,NA_Sales,Global_Sales,User_Count,Publisher,Developer,Genre
96,universal acclaim,81.0,9.2,universal acclaim,M,2004.0,1,1.0,16.91470635301648,1.2642022723635782,0.8961433829412706,11.0,3.0199999999999996,3.59,8895.0,Vivendi Games,Valve Software,Shooter
96,universal acclaim,34.0,9.1,universal acclaim,M,2007.0,2,1.0,11.250560286866875,0.4034065441506051,0.17929179740026896,10.0,1.37,3.02,2480.0,Electronic Arts,Valve Software,Shooter
96,universal acclaim,24.0,9.1,universal acclaim,M,1998.0,1,1.0,13.262551736548497,0.8457800971747346,0.37790174554615796,11.0,4.32,4.72,3255.0,Vivendi Games,Valve Software,Shooter
94,universal acclaim,55.0,8.9,generally favorable reviews,M,2010.0,2,1.0,10.813704496788008,1.9450392576730906,0.8029978586723768,1.0,2.78,4.94,7783.0,Electronic Arts,BioWare,Role-Playing
94,universal acclaim,12.0,8.6,generally favorable reviews,M,1996.0,1,3.0,8.579881656804734,0.9615384615384616,0.7396449704142012,12.0,0.3,2.17,850.0,Activision,Blizzard Entertainment,Role-Playing
94,universal acclaim,50.0,8.2,generally favorable reviews,E10+,2005.0,1,1.0,11.369509043927648,2.5839793281653747,3.7037037037037033,10.0,0.02,0.16,909.0,Take-Two Interactive,Firaxis Games,Strategy
93,universal acclaim,55.0,8.7,generally favorable reviews,M,2006.0,1,2.0,16.83848797250859,2.7491408934707904,1.443298969072165,9.0,0.0,0.05,1128.0,THQ,Relic,Strategy
93,universal acclaim,82.0,8.2,generally favorable reviews,T,2010.0,1,2.0,15.990325181402849,4.004299919376511,3.6549314700349367,7.0,2.57,4.84,3052.0,Activision,Blizzard Entertainment,Strategy
93,universal acclaim,20.0,8.8,generally favorable reviews,E,1999.0,1,1.0,10.294117647058822,0.49019607843137253,0.24509803921568626,8.0,0.0,0.02,326.0,Vivendi Games,Relic,Strategy
93,universal acclaim,33.0,9.0,universal acclaim,T,2003.0,2,2.0,13.74889478337754,0.8399646330680812,1.1494252873563218,11.0,1.69,2.33,1814.0,Activision,BioWare,Role-Playing
93,universal acclaim,57.0,7.4,mixed or average reviews,T,2004.0,1,3.0,10.09953161592506,2.839578454332553,5.181498829039813,11.0,0.08,6.29,2182.0,Activision,Blizzard Entertainment,Role-Playing
92,universal acclaim,40.0,9.2,universal acclaim,T,2002.0,1,2.0,9.495798319327731,0.29411764705882354,0.7142857142857143,7.0,0.03,0.13,1023.0,Vivendi Games,Blizzard Entertainment,Strategy
92,universal acclaim,36.0,8.7,generally favorable reviews,M,2005.0,3,3.0,12.310286677908937,1.3490725126475547,1.3490725126475547,3.0,1.18,2.23,253.0,Ubisoft,Ubisoft Montreal,Action
92,universal acclaim,58.0,9.0,universal acclaim,T,2004.0,1,5.0,13.56509884117246,0.8861622358554875,0.7498295841854125,9.0,0.0,0.1,1050.0,Activision,Creative Assembly,Strategy
92,universal acclaim,14.0,5.0,mixed or average reviews,E,2002.0,1,3.0,7.5,0.0,0.0,11.0,1.33,2.31,34.0,Electronic Arts,EA Sports,Sports
91,universal acclaim,47.0,7.7,generally favorable reviews,T,2008.0,1,2.0,5.752508361204013,1.7391304347826086,2.5418060200668897,11.0,0.01,1.32,930.0,Activision,Blizzard Entertainment,Role-Playing
91,universal acclaim,64.0,6.4,mixed or average reviews,T,2016.0,3,3.0,9.128377346969927,4.0146542512593495,9.418409403144558,5.0,1.69,3.7300000000000004,6078.0,Activision,Blizzard Entertainment,Shooter
91,universal acclaim,20.0,8.5,generally favorable reviews,T,2003.0,3,4.0,9.414225941422593,1.6736401673640167,0.0,2.0,3.25,6.0,256.0,Ubisoft,Ubisoft Montreal,Action
91,universal acclaim,56.0,8.1,generally favorable reviews,M,2007.0,2,5.0,12.69107714184145,4.443654461429079,2.9505865623889087,11.0,0.0,0.71,1970.0,Electronic Arts,Crytek,Shooter
91,universal acclaim,16.0,4.0,generally unfavorable reviews,E,2004.0,1,6.0,5.769230769230769,0.0,0.0,9.0,1.77,2.44,73.0,Electronic Arts,EA Sports,Sports
91,universal acclaim,23.0,7.8,generally favorable reviews,T,2009.0,3,2.0,5.681818181818182,0.9090909090909091,2.727272727272727,7.0,3.92,7.23,974.0,Capcom,Capcom,Fighting
91,universal acclaim,34.0,8.2,generally favorable reviews,T,2002.0,1,5.0,12.180451127819548,1.5037593984962405,2.556390977443609,6.0,0.0,0.03,490.0,Atari,BioWare,Role-Playing
91,universal acclaim,67.0,8.8,generally favorable reviews,M,2009.0,2,3.0,12.75616896695943,2.0702634880803013,1.4010874111250522,11.0,2.7199999999999998,4.74,4864.0,Electronic Arts,BioWare,Role-Playing
90,universal acclaim,61.0,8.7,generally favorable reviews,T,2004.0,1,7.0,15.753424657534246,1.076320939334638,0.9784735812133072,9.0,2.72,4.37,920.0,Electronic Arts,Maxis,Simulation
90,universal acclaim,53.0,5.7,mixed or average reviews,T,2010.0,1,3.0,4.822134387351778,5.375494071146245,7.5098814229249005,12.0,1.77,2.08,953.0,Activision,Blizzard Entertainment,Role-Playing
90,universal acclaim,22.0,6.6,mixed or average reviews,E,2000.0,1,6.0,7.547169811320755,1.8867924528301887,0.0,9.0,1.17,2.2199999999999998,23.0,Electronic Arts,EA Sports,Sports
90,universal acclaim,23.0,7.8,generally favorable reviews,T,2005.0,1,5.0,22.321428571428573,2.6785714285714284,7.142857142857142,3.0,0.0,0.08,95.0,Ubisoft,Ubisoft,Simulation
90,universal acclaim,70.0,8.0,generally favorable reviews,E10+,2010.0,1,4.0,10.542476970317297,4.469464346639372,4.810644831115661,9.0,0.98,1.68,2280.0,Take-Two Interactive,Firaxis Games,Strategy
90,universal acclaim,62.0,8.3,generally favorable reviews,T,2011.0,1,6.0,14.714086471408647,3.695955369595537,2.2315202231520224,3.0,0.19,0.6,1180.0,Sega,Creative Assembly,Strategy
90,universal acclaim,62.0,7.0,mixed or average reviews,T,2009.0,1,5.0,10.489949748743719,6.155778894472362,9.987437185929648,3.0,0.01,1.08,2981.0,Sega,Creative Assembly,Strategy
89,generally favorable reviews,71.0,8.3,generally favorable reviews,M,2015.0,1,6.0,13.613955252180507,3.678422449753508,2.123625331816458,3.0,0.0,0.02,2191.0,Paradox Interactive,Obsidian Entertainment,Role-Playing
89,generally favorable reviews,7.0,8.3,generally favorable reviews,E,2006.0,1,4.0,9.183673469387756,7.142857142857142,4.081632653061225,4.0,0.18,4.5,32.0,Konami Digital Entertainment,Konami,Sports
89,generally favorable reviews,55.0,8.4,generally favorable reviews,M,2009.0,1,6.0,13.618119266055045,2.86697247706422,2.092889908256881,11.0,2.67,4.33,3211.0,Electronic Arts,Valve Software,Shooter
89,generally favorable reviews,45.0,8.6,generally favorable reviews,M,2008.0,2,7.0,10.075305115554402,2.1812516229550765,1.0127239678005713,5.0,1.83,3.58,4078.0,Microsoft Game Studios,BioWare,Role-Playing
89,generally favorable reviews,38.0,8.2,generally favorable reviews,M,2012.0,4,6.0,13.940572063315745,3.0824770896973064,2.2216051096917524,9.0,3.6799999999999997,6.85,4590.0,Take-Two Interactive,Gearbox Software,Shooter
89,generally favorable reviews,72.0,8.0,generally favorable reviews,M,2004.0,1,10.0,14.83375959079284,5.200341005967604,2.813299232736573,3.0,0.0,0.05,724.0,Ubisoft,Crytek,Shooter
89,generally favorable reviews,57.0,8.2,generally favorable reviews,M,2012.0,4,7.0,14.831981460023174,4.866743916570105,3.5534955581305523,10.0,1.23,2.52,3263.0,Take-Two Interactive,Firaxis Games,Strategy
89,generally favorable reviews,23.0,6.0,mixed or average reviews,M,2012.0,3,8.0,10.15625,4.8828125,14.578683035714285,3.0,3.11,5.7,11500.0,Electronic Arts,BioWare,Role-Playing
89,generally favorable reviews,61.0,7.6,generally favorable reviews,M,2011.0,2,8.0,20.046329294369208,3.6707056307911614,4.900213827512474,10.0,11.05,24.439999999999998,10590.0,Electronic Arts,EA DICE,Shooter
89,generally favorable reviews,12.0,7.1,mixed or average reviews,E,2002.0,1,15.0,40.909090909090914,9.090909090909092,0.0,8.0,5.24,6.5,98.0,Electronic Arts,EA Sports,Sports
89,generally favorable reviews,22.0,8.2,generally favorable reviews,T,2009.0,2,7.0,11.963882618510159,1.3544018058690745,2.2573363431151243,12.0,0.8400000000000001,2.65,588.0,Codemasters,Codemasters,Racing
89,generally favorable reviews,32.0,8.5,generally favorable reviews,T,2003.0,2,9.0,9.845288326300984,2.6722925457102673,0.5625879043600562,12.0,1.81,3.6300000000000003,322.0,Ubisoft,Ubisoft,Action
88,generally favorable reviews,24.0,8.0,generally favorable reviews,M,2011.0,2,10.0,8.686969545681478,2.6959560659011483,1.0484273589615578,3.0,4.87,6.9,2586.0,Ubisoft,Ubisoft Montreal,Action
88,generally favorable reviews,13.0,7.4,mixed or average reviews,E,2003.0,1,11.0,33.33333333333333,4.166666666666666,0.0,9.0,2.37,3.21,78.0,Electronic Arts,EA Sports,Sports
88,generally favorable reviews,23.0,9.2,universal acclaim,T,2003.0,1,12.0,10.82274986195472,0.6073992269464384,0.3865267807840972,7.0,0.58,1.54,713.0,Activision,Blizzard Entertainment,Strategy
88,generally favorable reviews,15.0,9.1,universal acclaim,T,1998.0,1,6.0,13.132911392405063,0.6329113924050633,0.4746835443037975,3.0,0.0,0.05,813.0,Activision,Blizzard Entertainment,Strategy
88,generally favorable reviews,43.0,8.4,generally favorable reviews,M,2012.0,4,9.0,13.506916192026036,3.010577705451587,2.034174125305126,12.0,2.48,7.3100000000000005,5471.0,Ubisoft,Ubisoft Montreal,Shooter
88,generally favorable reviews,104.0,7.3,mixed or average reviews,T,2016.0,2,8.0,13.321385902031063,5.734767025089606,7.1087216248506575,2.0,0.15,0.42000000000000004,1377.0,Take-Two Interactive,Firaxis Games,Strategy
88,generally favorable reviews,39.0,9.0,universal acclaim,T,2006.0,1,5.0,12.378902045209902,2.1528525296017222,0.7534983853606028,11.0,0.0,0.1,648.0,Sega,Creative Assembly,Strategy
88,generally favorable reviews,9.0,8.9,generally favorable reviews,M,2004.0,1,11.0,12.529205607476634,0.9151090342679127,0.9540498442367601,10.0,0.0,0.08,9851.0,Vivendi Games,Valve Software,Shooter
88,generally favorable reviews,84.0,7.0,mixed or average reviews,E10+,2016.0,4,10.0,9.16030534351145,5.979643765903308,8.396946564885496,10.0,0.09,0.25,684.0,Take-Two Interactive,Firaxis Games,Strategy
88,generally favorable reviews,54.0,7.2,mixed or average reviews,M,2016.0,2,11.0,9.241172051089407,4.921111945905334,6.987227648384674,10.0,2.49,6.71,2386.0,Electronic Arts,EA DICE,Shooter
88,generally favorable reviews,62.0,8.3,generally favorable reviews,T,2015.0,1,9.0,10.193765796124685,2.527379949452401,2.1903959561920807,11.0,0.19,0.53,833.0,Activision,Blizzard Entertainment,Strategy
88,generally favorable reviews,86.0,4.2,generally unfavorable reviews,M,2012.0,2,12.0,11.957281165785009,5.220081844495458,30.23255813953488,5.0,4.93,10.94,10570.0,Activision,Blizzard Entertainment,Role-Playing
88,generally favorable reviews,62.0,7.6,generally favorable reviews,T,2016.0,1,12.0,6.796769851951548,1.9515477792732168,3.835800807537012,8.0,0.13,0.32,535.0,Activision,Blizzard Entertainment,Role-Playing
88,generally favorable reviews,11.0,9.2,universal acclaim,M,2000.0,1,12.0,7.764896198436236,0.37746023186842814,0.36397950930169853,11.0,0.85,1.11,51.0,Microsoft Game Studios,Valve Software,Shooter
87,generally favorable reviews,33.0,8.8,generally favorable reviews,E,2009.0,1,10.0,3.678929765886288,0.6688963210702341,0.33444816053511706,11.0,0.0,0.07,262.0,Sega,Sports Interactive,Sports
87,generally favorable reviews,46.0,8.2,generally favorable reviews,M,2010.0,3,7.0,16.861081654294804,3.234358430540827,2.545068928950159,3.0,3.62,7.140000000000001,2908.0,Electronic Arts,EA DICE,Shooter
87,generally favorable reviews,20.0,8.2,generally favorable reviews,M,2002.0,1,19.0,9.14179104477612,1.3059701492537312,1.8656716417910446,10.0,2.22,4.28,105.0,Eidos Interactive,Io Interactive,Action
87,generally favorable reviews,12.0,7.6,generally favorable reviews,E,2001.0,1,13.0,25.0,0.0,0.0,9.0,0.88,1.5899999999999999,31.0,Electronic Arts,EA Sports,Sports
87,generally favorable reviews,32.0,7.3,mixed or average reviews,M,2005.0,1,10.0,13.551401869158877,7.009345794392523,7.943925233644859,3.0,0.87,1.12,99.0,Ubisoft,Gearbox Software,Shooter
87,generally favorable reviews,36.0,8.5,generally favorable reviews,M,2007.0,1,11.0,14.122137404580155,1.5267175572519083,2.6717557251908395,9.0,0.01,0.04,235.0,THQ,Relic,Strategy
87,generally favorable reviews,12.0,7.5,generally favorable reviews,E,2003.0,1,14.0,33.92857142857143,1.7857142857142856,7.142857142857142,9.0,0.6799999999999999,1.25,91.0,Electronic Arts,EA Sports,Sports
86,generally favorable reviews,14.0,9.1,universal acclaim,T,2015.0,2,14.0,4.855371900826446,0.8264462809917356,0.8264462809917356,6.0,0.02,0.17,552.0,Square Enix,Square Enix,Action
86,generally favorable reviews,45.0,8.0,generally favorable reviews,M,2016.0,3,18.0,10.18472291562656,3.744383424862706,1.2980529206190714,1.0,0.9600000000000001,2.76,2381.0,Square Enix,Crystal Dynamics,Adventure
86,generally favorable reviews,77.0,7.4,mixed or average reviews,T,2016.0,1,19.0,12.198067632850242,4.5893719806763285,3.6231884057971016,5.0,0.0,0.13,556.0,Sega,Creative Assembly,Strategy
86,generally favorable reviews,30.0,7.1,mixed or average reviews,M,2009.0,5,12.0,8.333333333333332,4.829545454545454,3.5037878787878785,9.0,4.08,8.66,1787.0,Capcom,Capcom,Action
86,generally favorable reviews,45.0,7.4,mixed or average reviews,M,2013.0,2,16.0,11.225540679711637,5.09783728115345,3.604531410916581,8.0,1.9100000000000001,3.69,2146.0,Deep Silver,Volition Inc.,Action
86,generally favorable reviews,7.0,6.7,mixed or average reviews,E,2012.0,7,17.0,5.014749262536873,2.949852507374631,5.899705014749262,9.0,2.6300000000000003,15.96,1231.0,Electronic Arts,Electronic Arts,Action
86,generally favorable reviews,68.0,8.0,generally favorable reviews,T,2013.0,1,17.0,11.029411764705882,3.9215686274509802,3.125,3.0,0.83,1.67,1346.0,Activision,Blizzard Entertainment,Strategy
86,generally favorable reviews,20.0,8.2,generally favorable reviews,E10+,2006.0,2,9.0,10.92436974789916,0.8403361344537815,0.0,9.0,5.63,7.9399999999999995,296.0,LucasArts,Traveller's Tales,Action
86,generally favorable reviews,42.0,7.0,mixed or average reviews,M,2011.0,2,14.0,11.170471102476931,6.896551724137931,5.973773676542011,3.0,1.33,3.37,2533.0,Electronic Arts,Crytek,Action
86,generally favorable reviews,23.0,7.0,mixed or average reviews,T,2011.0,2,15.0,9.796672828096119,6.099815157116451,5.914972273567468,5.0,0.5,1.93,721.0,Codemasters,Codemasters,Racing
86,generally favorable reviews,51.0,8.7,generally favorable reviews,M,2004.0,1,18.0,13.646532438478747,2.460850111856823,0.22371364653243847,9.0,0.01,0.05,295.0,THQ,Relic,Strategy
86,generally favorable reviews,22.0,7.5,generally favorable reviews,M,2010.0,2,13.0,8.22230681385611,1.9413779977160257,1.180053292729349,3.0,5.66,11.36,4118.0,Ubisoft,Ubisoft Montreal,Action
86,generally favorable reviews,33.0,8.5,generally favorable reviews,E,2015.0,2,18.0,10.606060606060606,3.896103896103896,1.7316017316017316,12.0,0.08,0.52,544.0,Codemasters,Codemasters,Racing
85,generally favorable reviews,45.0,6.0,mixed or average reviews,M,2014.0,4,16.0,11.336116910229645,6.722338204592902,14.217118997912317,11.0,2.25,4.8,7090.0,Electronic Arts,BioWare,Role-Playing
85,generally favorable reviews,22.0,7.5,generally favorable reviews,M,2006.0,2,11.0,10.588235294117647,7.647058823529412,1.7647058823529411,12.0,1.98,3.94,337.0,Ubisoft,Ubisoft Montreal,Shooter
85,generally favorable reviews,67.0,8.1,generally favorable reviews,M,2009.0,1,16.0,10.714285714285714,4.37192118226601,4.310344827586207,2.0,0.0,0.47,1502.0,THQ,Relic,Strategy
85,generally favorable reviews,23.0,8.3,generally favorable reviews,E,2010.0,1,15.0,13.541666666666666,2.083333333333333,0.0,11.0,0.0,1.26,77.0,Sega,Sports Interactive,Sports
85,generally favorable reviews,48.0,8.6,generally favorable reviews,M,2014.0,5,17.0,12.979094076655052,2.177700348432056,0.8710801393728222,3.0,1.0799999999999998,2.0300000000000002,2677.0,Ubisoft,Obsidian Entertainment,Role-Playing
85,generally favorable reviews,29.0,8.0,generally favorable reviews,M,2005.0,2,18.0,5.381165919282512,1.7937219730941705,2.0179372197309418,12.0,1.01,1.41,161.0,Ubisoft,Ubisoft Montreal,Action
85,generally favorable reviews,34.0,6.1,mixed or average reviews,M,2008.0,2,17.0,9.000552181115404,9.05577029265599,11.098840419657648,10.0,1.15,3.45,1874.0,Ubisoft,Ubisoft Montreal,Action
85,generally favorable reviews,31.0,8.5,generally favorable reviews,T,2005.0,2,19.0,13.26963906581741,3.1847133757961785,2.335456475583864,2.0,1.0,1.4300000000000002,140.0,Activision,Obsidian Entertainment,Role-Playing
85,generally favorable reviews,11.0,7.3,mixed or average reviews,E,2005.0,1,20.0,27.27272727272727,9.090909090909092,0.0,2.0,2.21,2.81,63.0,Electronic Arts,EA Sports,Sports
85,generally favorable reviews,41.0,5.7,mixed or average reviews,E,2013.0,1,26.0,5.369127516778524,3.691275167785235,18.79194630872483,10.0,0.0,0.74,275.0,Sega,Sports Interactive,Sports
85,generally favorable reviews,14.0,7.0,mixed or average reviews,E,2000.0,1,28.0,13.157894736842104,0.0,0.0,10.0,0.18,0.32,5.0,Electronic Arts,EA Sports,Sports
85,generally favorable reviews,25.0,7.7,generally favorable reviews,T,2003.0,2,20.0,30.687830687830687,3.7037037037037033,8.465608465608465,10.0,0.25,0.51,99.0,Unknown,Square Enix,Role-Playing
85,generally favorable reviews,17.0,7.8,generally favorable reviews,T,2001.0,1,27.0,35.0,2.5,3.75,11.0,1.81,1.82,70.0,Electronic Arts,Maxis,Simulation
84,generally favorable reviews,22.0,8.1,generally favorable reviews,M,2011.0,2,19.0,14.396192742415229,4.818560380725759,1.665675193337299,11.0,2.27,5.61,2137.0,THQ,Volition Inc.,Action
84,generally favorable reviews,39.0,8.9,generally favorable reviews,M,2010.0,2,17.0,14.161220043572984,1.7792302106027595,1.4342774146695716,10.0,4.7700000000000005,8.33,4015.0,Bethesda Softworks,Obsidian Entertainment,Role-Playing
84,generally favorable reviews,20.0,7.3,mixed or average reviews,E,2007.0,2,23.0,9.836065573770492,9.01639344262295,3.278688524590164,6.0,0.54,1.94,217.0,Codemasters,Codemasters,Racing
84,generally favorable reviews,45.0,8.0,generally favorable reviews,E,2011.0,1,22.0,11.5,2.5,2.0,10.0,0.02,1.6400000000000001,172.0,Sega,Sports Interactive,Sports
84,generally favorable reviews,75.0,5.8,mixed or average reviews,E10+,2008.0,1,19.0,10.36468330134357,6.573896353166988,17.994241842610364,9.0,0.03,1.17,1711.0,Electronic Arts,Maxis,Strategy
84,generally favorable reviews,56.0,7.9,generally favorable reviews,M,2008.0,1,20.0,12.63888888888889,4.722222222222222,2.361111111111111,9.0,0.0,0.02,516.0,Electronic Arts,Crytek,Shooter
84,generally favorable reviews,10.0,8.2,generally favorable reviews,M,2013.0,6,31.0,12.598967297762478,2.9259896729776247,2.2719449225473323,11.0,6.17,13.02,5103.0,Ubisoft,Ubisoft,Action
84,generally favorable reviews,36.0,8.7,generally favorable reviews,E,2003.0,1,25.0,15.625,1.9886363636363635,0.8522727272727272,1.0,0.01,0.29,268.0,Electronic Arts,Maxis,Simulation
84,generally favorable reviews,16.0,7.7,generally favorable reviews,E10+,2006.0,1,16.0,18.30985915492958,2.8169014084507045,0.0,2.0,0.07,0.13,74.0,Codemasters,Codemasters,Racing
84,generally favorable reviews,23.0,7.4,mixed or average reviews,M,2005.0,1,23.0,12.280701754385964,3.508771929824561,6.140350877192982,10.0,0.61,0.77,48.0,Ubisoft,Gearbox Software,Shooter
83,generally favorable reviews,7.0,7.1,mixed or average reviews,T,2006.0,1,21.0,19.230769230769234,3.8461538461538463,0.0,4.0,0.06,0.23,13.0,Square Enix,Square Enix,Role-Playing
83,generally favorable reviews,31.0,8.4,generally favorable reviews,T,2003.0,1,32.0,15.384615384615385,5.769230769230769,5.128205128205128,9.0,0.0,0.03,128.0,Vivendi Games,Relic,Strategy
83,generally favorable reviews,26.0,8.1,generally favorable reviews,T,2007.0,2,26.0,12.947658402203857,3.8567493112947657,2.203856749311295,6.0,0.86,2.34,363.0,Eidos Interactive,Crystal Dynamics,Action
83,generally favorable reviews,16.0,7.6,generally favorable reviews,E,2010.0,4,21.0,13.66906474820144,2.877697841726619,2.158273381294964,9.0,1.95,12.5,514.0,Electronic Arts,EA Sports,Sports
83,generally favorable reviews,13.0,7.0,mixed or average reviews,E,2002.0,1,29.0,8.51063829787234,6.382978723404255,0.0,11.0,0.9600000000000001,4.79,67.0,Electronic Arts,EA Canada,Sports
83,generally favorable reviews,14.0,8.5,generally favorable reviews,E,2001.0,1,31.0,16.071428571428573,1.7857142857142856,0.8928571428571428,2.0,0.04,0.93,31.0,Codemasters,Codemasters,Racing
83,generally favorable reviews,9.0,6.0,mixed or average reviews,E,2002.0,1,31.0,14.285714285714285,14.285714285714285,28.57142857142857,2.0,0.44,0.9,5.0,Electronic Arts,EA Sports,Sports
83,generally favorable reviews,29.0,7.4,mixed or average reviews,E,2008.0,1,21.0,13.88888888888889,0.0,8.333333333333332,11.0,0.0,1.15,30.0,Sega,Sports Interactive,Simulation
83,generally favorable reviews,36.0,7.7,generally favorable reviews,M,2008.0,2,22.0,9.484193011647255,5.324459234608985,2.329450915141431,11.0,9.29,15.78,1808.0,Activision,Treyarch,Shooter
83,generally favorable reviews,11.0,7.6,generally favorable reviews,E,2004.0,1,28.0,11.39240506329114,5.063291139240507,5.063291139240507,10.0,0.04,0.07,56.0,Codemasters,Codemasters,Racing
83,generally favorable reviews,20.0,5.6,mixed or average reviews,M,2010.0,1,25.0,5.721393034825871,4.228855721393035,3.6069651741293534,4.0,1.2,2.17,672.0,Ubisoft,Ubisoft Montreal,Action
83,generally favorable reviews,10.0,7.3,mixed or average reviews,E,2011.0,4,32.0,9.183673469387756,3.061224489795918,4.081632653061225,9.0,0.33,2.4,230.0,Codemasters,Codemasters,Racing
83,generally favorable reviews,29.0,8.6,generally favorable reviews,M,2004.0,3,30.0,10.571923743500866,3.119584055459272,2.079722703639515,11.0,1.17,2.64,175.0,Ubisoft,Ubisoft Montreal,Action
82,generally favorable reviews,29.0,7.5,generally favorable reviews,M,2009.0,2,23.0,11.229946524064172,8.288770053475936,3.4759358288770055,9.0,0.81,1.64,681.0,THQ,Volition Inc.,Shooter
82,generally favorable reviews,31.0,7.9,generally favorable reviews,T,2006.0,2,24.0,8.913649025069638,5.2924791086350975,2.2284122562674096,4.0,0.8099999999999999,1.6500000000000001,482.0,Eidos Interactive,Crystal Dynamics,Action
82,generally favorable reviews,46.0,6.7,mixed or average reviews,T,2006.0,1,25.0,9.924812030075188,6.7669172932330826,16.390977443609025,10.0,0.0,0.02,565.0,Atari,Obsidian Entertainment,Role-Playing
82,generally favorable reviews,25.0,8.5,generally favorable reviews,T,2007.0,1,31.0,12.5,2.6785714285714284,0.0,10.0,0.0,0.01,182.0,Atari,Obsidian Entertainment,Role-Playing
82,generally favorable reviews,45.0,4.7,generally unfavorable reviews,M,2011.0,2,35.0,7.444267515923567,6.170382165605096,20.501592356687897,3.0,1.58,3.2,12643.0,Electronic Arts,BioWare,Action
82,generally favorable reviews,31.0,8.6,generally favorable reviews,T,2004.0,1,31.0,10.136674259681094,2.277904328018223,0.7972665148063782,11.0,7.92,17.85,736.0,Electronic Arts,EA Canada,Racing
82,generally favorable reviews,13.0,7.5,generally favorable reviews,E,2004.0,1,32.0,25.0,0.0,6.25,3.0,1.7400000000000002,2.19,81.0,Electronic Arts,EA Sports,Sports
82,generally favorable reviews,42.0,5.8,mixed or average reviews,T,2012.0,1,37.0,9.117475160724723,2.2209234365867916,13.325540619520748,9.0,0.84,1.82,1265.0,Activision,Blizzard Entertainment,Role-Playing
82,generally favorable reviews,9.0,4.5,generally unfavorable reviews,E,2014.0,6,41.0,4.3763676148796495,3.50109409190372,18.161925601750546,9.0,3.09,17.34,2001.0,Electronic Arts,EA Sports,Sports
82,generally favorable reviews,23.0,7.4,mixed or average reviews,T,2000.0,1,38.0,11.11111111111111,0.0,0.0,8.0,1.67,2.99,20.0,Electronic Arts,Maxis,Misc
82,generally favorable reviews,25.0,7.3,mixed or average reviews,T,2008.0,3,28.0,6.262230919765166,5.088062622309197,4.500978473581213,12.0,1.01,2.08,434.0,Ubisoft,Ubisoft Montreal,Action
82,generally favorable reviews,35.0,8.8,generally favorable reviews,M,2006.0,2,30.0,13.532934131736527,1.5568862275449102,0.9580838323353293,5.0,0.65,1.06,766.0,Eidos Interactive,Io Interactive,Action
81,generally favorable reviews,52.0,6.2,mixed or average reviews,M,2013.0,5,44.0,9.41320293398533,4.792176039119805,11.344743276283618,10.0,6.4399999999999995,13.93,6698.0,Electronic Arts,EA DICE,Shooter
81,generally favorable reviews,41.0,8.5,generally favorable reviews,M,2014.0,6,55.0,17.64192139737991,3.0131004366812224,2.22707423580786,10.0,0.8300000000000001,2.39,2921.0,Sega,Creative Assembly,Shooter
81,generally favorable reviews,37.0,7.6,generally favorable reviews,M,2009.0,2,31.0,12.600536193029491,5.093833780160858,3.0026809651474533,10.0,3.61,5.71,2505.0,Take-Two Interactive,Gearbox Software,Shooter
81,generally favorable reviews,56.0,7.9,generally favorable reviews,T,2010.0,1,36.0,7.154471544715448,2.9268292682926833,1.4634146341463417,2.0,0.02,0.66,515.0,Sega,Creative Assembly,Strategy
81,generally favorable reviews,14.0,7.5,generally favorable reviews,E,2005.0,2,36.0,23.076923076923077,0.0,7.6923076923076925,9.0,1.63,1.99,47.0,Electronic Arts,EA Sports,Sports
81,generally favorable reviews,31.0,7.8,generally favorable reviews,T,2005.0,1,37.0,16.666666666666664,1.6666666666666667,1.6666666666666667,2.0,0.01,0.06,49.0,Electronic Arts,Maxis,Simulation
81,generally favorable reviews,78.0,5.5,mixed or average reviews,E10+,2014.0,1,59.0,6.3594470046082945,10.783410138248847,13.27188940092166,10.0,0.11,0.36,1027.0,Take-Two Interactive,Firaxis Games,Strategy
81,generally favorable reviews,29.0,5.8,mixed or average reviews,M,2010.0,2,37.0,8.665105386416862,5.901639344262295,13.817330210772832,11.0,17.57,30.82,4340.0,Activision,Treyarch,Shooter
81,generally favorable reviews,44.0,8.0,generally favorable reviews,T,2009.0,2,34.0,11.703601108033242,5.3324099722991685,2.9085872576177287,1.0,0.8200000000000001,2.3499999999999996,1716.0,Electronic Arts,EA DICE,Platform
81,generally favorable reviews,10.0,4.6,generally unfavorable reviews,E,2015.0,5,52.0,2.7247956403269753,1.6348773841961852,12.26158038147139,9.0,3.05,16.3,1754.0,Electronic Arts,EA Sports,Sports
80,generally favorable reviews,19.0,7.6,generally favorable reviews,M,2001.0,1,43.0,19.767441860465116,2.3255813953488373,1.1627906976744187,11.0,2.86,3.9699999999999998,74.0,Ubisoft,Ubisoft,Shooter
80,generally favorable reviews,47.0,5.5,mixed or average reviews,E,2016.0,1,73.0,6.7669172932330826,3.007518796992481,18.045112781954884,11.0,0.0,0.09,57.0,Sega,Sports Interactive,Simulation
80,generally favorable reviews,17.0,5.8,mixed or average reviews,E,2013.0,3,51.0,6.106870229007633,6.7175572519083975,11.603053435114504,5.0,0.15000000000000002,0.7,900.0,Codemasters,Codemasters,Racing
80,generally favorable reviews,8.0,7.2,mixed or average reviews,E,2012.0,4,49.0,8.455882352941178,1.8382352941176472,0.7352941176470588,9.0,0.31,2.46,405.0,Konami Digital Entertainment,Konami,Sports
80,generally favorable reviews,24.0,6.9,mixed or average reviews,M,2011.0,2,45.0,12.89134438305709,7.059545733578883,5.217925107427869,9.0,2.68,4.86,2460.0,Deep Silver,Techland,Action
80,generally favorable reviews,22.0,7.8,generally favorable reviews,T,2003.0,1,49.0,17.77777777777778,0.0,2.2222222222222223,10.0,1.03,1.92,31.0,Electronic Arts,Maxis,Simulation
80,generally favorable reviews,21.0,6.4,mixed or average reviews,M,2012.0,3,50.0,6.804733727810651,7.185122569737954,6.889264581572274,11.0,6.24,13.02,4208.0,Ubisoft,Ubisoft,Action
80,generally favorable reviews,15.0,7.3,mixed or average reviews,E,2006.0,3,38.0,6.25,6.25,18.75,8.0,9.14,10.63,271.0,Electronic Arts,EA Sports,Sports
80,generally favorable reviews,26.0,6.9,mixed or average reviews,M,2004.0,2,43.0,19.148936170212767,4.25531914893617,10.638297872340425,9.0,0.6900000000000001,1.03,40.0,THQ,Pandemic Studios,Strategy
80,generally favorable reviews,16.0,7.7,generally favorable reviews,T,2003.0,1,50.0,13.23529411764706,4.411764705882353,0.0,10.0,0.52,0.88,92.0,Electronic Arts,Io Interactive,Shooter
80,generally favorable reviews,7.0,7.7,generally favorable reviews,E,2002.0,1,48.0,37.254901960784316,5.88235294117647,3.9215686274509802,11.0,1.79,2.32,39.0,Electronic Arts,EA Canada,Sports
80,generally favorable reviews,10.0,8.8,generally favorable reviews,E,2003.0,1,51.0,32.35294117647059,2.941176470588235,0.0,11.0,2.22,2.8099999999999996,56.0,Electronic Arts,EA Sports,Sports
80,generally favorable reviews,82.0,2.2,generally unfavorable reviews,M,2013.0,1,57.0,4.807527801539778,1.6253207869974338,18.391787852865697,6.0,0.06,0.34,6157.0,THQ,Relic,Strategy
80,generally favorable reviews,9.0,7.5,generally favorable reviews,E,2002.0,1,50.0,15.714285714285714,1.4285714285714286,2.857142857142857,4.0,0.39,0.83,28.0,Electronic Arts,EA Sports,Sports
80,generally favorable reviews,17.0,7.1,mixed or average reviews,M,2014.0,4,70.0,10.158730158730158,5.873015873015873,4.074074074074074,11.0,3.02,9.12,4386.0,Ubisoft,Ubisoft Montreal,Shooter
80,generally favorable reviews,48.0,6.8,mixed or average reviews,T,2006.0,1,42.0,20.051413881748072,6.940874035989718,10.796915167095115,10.0,0.0,0.03,326.0,Electronic Arts,EA DICE,Shooter
80,generally favorable reviews,52.0,7.7,generally favorable reviews,M,2011.0,1,47.0,11.785714285714285,8.214285714285714,3.571428571428571,2.0,0.0,0.08,235.0,THQ,Relic,Strategy
80,generally favorable reviews,15.0,7.3,mixed or average reviews,E,2012.0,2,55.0,8.695652173913043,4.3478260869565215,5.072463768115942,9.0,0.23,1.67,225.0,Codemasters,Codemasters,Racing
80,generally favorable reviews,15.0,7.0,mixed or average reviews,E10+,2008.0,2,38.0,31.005110732538334,0.34071550255536626,0.8517887563884157,9.0,7.62,13.39,234.0,Warner Bros. Interactive Entertainment,Traveller's Tales,Action
80,generally favorable reviews,20.0,7.6,generally favorable reviews,M,2011.0,2,49.0,8.141210374639769,5.69164265129683,1.9452449567723344,11.0,3.8000000000000003,9.15,1948.0,Ubisoft,Ubisoft Montreal,Action
80,generally favorable reviews,66.0,7.4,mixed or average reviews,T,2015.0,1,66.0,13.580246913580247,3.0864197530864197,5.246913580246913,2.0,0.09,0.24,520.0,Sega,Creative Assembly,Strategy
79,generally favorable reviews,26.0,7.2,mixed or average reviews,M,2012.0,2,60.0,9.587449157466589,7.088901801278326,6.5659500290528765,11.0,1.3,4.11,2291.0,Square Enix,Io Interactive,Action
79,generally favorable reviews,8.0,7.1,mixed or average reviews,E,2001.0,1,50.0,7.142857142857142,0.0,0.0,10.0,0.12000000000000001,0.21,17.0,Electronic Arts,EA Sports,Racing
79,generally favorable reviews,22.0,7.7,generally favorable reviews,M,2008.0,2,39.0,20.54054054054054,2.1621621621621623,4.324324324324325,10.0,0.9099999999999999,1.82,349.0,Ubisoft,Gearbox Software,Shooter
79,generally favorable reviews,20.0,7.6,generally favorable reviews,T,2003.0,1,55.0,23.52941176470588,5.88235294117647,2.941176470588235,5.0,1.67,1.68,25.0,Electronic Arts,Maxis,Simulation
79,generally favorable reviews,9.0,8.3,generally favorable reviews,E,2004.0,1,50.0,25.0,6.25,3.125,10.0,3.19,3.94,65.0,Electronic Arts,EA Canada,Sports
79,generally favorable reviews,21.0,7.7,generally favorable reviews,T,2002.0,1,54.0,22.22222222222222,2.7777777777777777,0.0,9.0,2.03,3.76,29.0,Electronic Arts,Maxis,Simulation
79,generally favorable reviews,8.0,6.4,mixed or average reviews,T,2012.0,4,61.0,6.622516556291391,6.622516556291391,4.635761589403973,5.0,0.83,1.51,568.0,Capcom,Capcom,Fighting
79,generally favorable reviews,37.0,7.0,mixed or average reviews,M,2015.0,5,79.0,13.841961852861035,5.068119891008174,9.536784741144414,12.0,1.4500000000000002,3.7800000000000002,1466.0,Ubisoft,Ubisoft Montreal,Shooter
79,generally favorable reviews,15.0,7.6,generally favorable reviews,E10+,2010.0,3,50.0,5.298013245033113,4.635761589403973,3.3112582781456954,6.0,4.01,8.28,209.0,Warner Bros. Interactive Entertainment,Traveller's Tales,Action
78,generally favorable reviews,23.0,8.6,generally favorable reviews,T,2005.0,1,50.0,15.6957928802589,2.4271844660194173,1.4563106796116505,10.0,4.47,6.64,916.0,LucasArts,Pandemic Studios,Shooter
78,generally favorable reviews,14.0,7.7,generally favorable reviews,E10+,2008.0,3,47.0,15.492957746478872,2.8169014084507045,0.0,6.0,6.77,11.91,202.0,Activision,Traveller's Tales,Action
78,generally favorable reviews,13.0,5.8,mixed or average reviews,T,2016.0,2,100.0,6.666666666666667,9.333333333333334,9.333333333333334,11.0,0.02,0.1,30.0,Electronic Arts,Maxis,Simulation
78,generally favorable reviews,14.0,6.9,mixed or average reviews,E,2005.0,1,52.0,5.970149253731343,4.477611940298507,1.4925373134328357,10.0,1.27,5.13,89.0,Electronic Arts,EA Canada,Sports
78,generally favorable reviews,7.0,8.1,generally favorable reviews,E10+,2013.0,6,79.0,6.829268292682928,4.390243902439024,1.4634146341463417,10.0,4.31,9.440000000000001,749.0,Warner Bros. Interactive Entertainment,TT Games,Action
78,generally favorable reviews,20.0,7.4,mixed or average reviews,M,2008.0,2,48.0,17.167381974248926,6.866952789699571,5.579399141630901,4.0,2.22,3.78,454.0,Ubisoft,Ubisoft Montreal,Shooter
78,generally favorable reviews,21.0,8.5,generally favorable reviews,M,2008.0,2,49.0,8.21917808219178,1.36986301369863,1.0273972602739725,7.0,1.39,3.04,912.0,Capcom,Capcom,Action
78,generally favorable reviews,14.0,7.4,mixed or average reviews,E,2003.0,1,70.0,38.46153846153847,0.0,0.0,3.0,0.66,1.24,26.0,Electronic Arts,EA Sports,Sports
78,generally favorable reviews,16.0,6.8,mixed or average reviews,E,2005.0,2,53.0,16.666666666666664,16.666666666666664,0.0,8.0,7.68,9.03,245.0,Electronic Arts,EA Sports,Sports
78,generally favorable reviews,29.0,8.7,generally favorable reviews,T,2006.0,1,55.0,20.0,4.444444444444445,0.0,2.0,0.46,0.52,35.0,Electronic Arts,Maxis,Simulation
78,generally favorable reviews,13.0,7.0,mixed or average reviews,E,2001.0,1,58.0,13.333333333333334,6.666666666666667,0.0,2.0,1.22,2.35,6.0,Electronic Arts,EA Sports,Sports
78,generally favorable reviews,35.0,6.3,mixed or average reviews,E,2014.0,4,90.0,8.333333333333332,7.333333333333333,9.333333333333334,6.0,0.08,0.29,375.0,Codemasters,Codemasters,Racing
78,generally favorable reviews,8.0,7.2,mixed or average reviews,E,2009.0,3,57.0,2.666666666666667,2.666666666666667,4.0,10.0,0.73,5.9799999999999995,191.0,Konami Digital Entertainment,Konami,Sports
78,generally favorable reviews,39.0,7.9,generally favorable reviews,M,2009.0,2,58.0,8.421052631578947,5.263157894736842,3.684210526315789,6.0,0.6499999999999999,1.51,467.0,Ubisoft,Techland,Shooter
78,generally favorable reviews,20.0,7.6,generally favorable reviews,T,2007.0,1,51.0,11.11111111111111,2.7777777777777777,0.0,2.0,0.01,0.07,29.0,Electronic Arts,Maxis,Simulation
78,generally favorable reviews,38.0,7.2,mixed or average reviews,T,2007.0,2,53.0,9.06148867313916,6.796116504854369,3.8834951456310676,9.0,0.7,2.36,320.0,Electronic Arts,Electronic Arts,Shooter
78,generally favorable reviews,19.0,8.0,generally favorable reviews,M,2001.0,2,59.0,19.101123595505616,4.49438202247191,0.5617977528089888,9.0,0.76,1.92,69.0,THQ,Volition Inc.,Shooter
78,generally favorable reviews,14.0,7.7,generally favorable reviews,T,2001.0,1,60.0,7.894736842105263,7.894736842105263,0.0,3.0,0.25,0.51,12.0,THQ,Volition Inc.,Role-Playing
78,generally favorable reviews,13.0,5.8,mixed or average reviews,E,2000.0,1,52.0,0.0,0.0,0.0,8.0,3.9699999999999998,4.45,11.0,Electronic Arts,EA Sports,Sports
78,generally favorable reviews,17.0,7.5,generally favorable reviews,E10+,2006.0,2,56.0,8.791208791208792,4.5787545787545785,3.47985347985348,10.0,3.54,6.37,484.0,Electronic Arts,EA Canada,Racing
77,generally favorable reviews,9.0,7.5,generally favorable reviews,E,2001.0,1,63.0,18.51851851851852,1.8518518518518516,3.7037037037037033,10.0,0.8400000000000001,1.5899999999999999,70.0,Electronic Arts,EA Sports,Sports
77,generally favorable reviews,15.0,6.8,mixed or average reviews,E,2008.0,3,52.0,3.278688524590164,3.278688524590164,0.0,10.0,1.7,8.66,322.0,Electronic Arts,EA Canada,Sports
77,generally favorable reviews,12.0,7.6,generally favorable reviews,E,2006.0,1,60.0,16.39344262295082,0.0,1.639344262295082,4.0,1.07,1.5699999999999998,94.0,Electronic Arts,EA Canada,Sports
77,generally favorable reviews,12.0,7.6,generally favorable reviews,E,2006.0,1,60.0,16.39344262295082,0.0,1.639344262295082,4.0,0.02,0.03,7.0,Electronic Arts,EA Canada,Sports
77,generally favorable reviews,16.0,8.1,generally favorable reviews,E10+,2014.0,8,52.0,12.834224598930483,3.9215686274509802,1.7825311942959003,4.0,0.0,0.12000000000000001,559.0,Ubisoft,Ubisoft Montreal,Role-Playing
77,generally favorable reviews,18.0,6.2,mixed or average reviews,M,2014.0,5,2.0,8.051529790660226,4.2270531400966185,8.735909822866345,5.0,3.8,9.19,7873.0,Ubisoft,Ubisoft Montreal,Action
77,generally favorable reviews,7.0,6.7,mixed or average reviews,E,2007.0,2,56.0,7.142857142857142,9.523809523809524,4.761904761904762,10.0,1.96,9.48,231.0,Electronic Arts,EA Canada,Sports
77,generally favorable reviews,17.0,6.8,mixed or average reviews,E,2004.0,1,56.0,4.761904761904762,9.523809523809524,0.0,10.0,1.08,4.890000000000001,90.0,Electronic Arts,EA Canada,Sports
77,generally favorable reviews,12.0,7.2,mixed or average reviews,M,2013.0,7,94.0,7.169811320754717,5.660377358490567,3.3962264150943398,5.0,0.63,2.11,1259.0,Capcom,Capcom,Action
77,generally favorable reviews,16.0,7.3,mixed or average reviews,E10+,2005.0,1,59.0,25.0,5.0,5.0,9.0,0.73,0.9099999999999999,54.0,Electronic Arts,EA Canada,Sports
77,generally favorable reviews,13.0,7.0,mixed or average reviews,E,2003.0,1,76.0,11.11111111111111,9.523809523809524,7.936507936507936,11.0,0.9199999999999999,4.4,120.0,Electronic Arts,EA Canada,Sports
77,generally favorable reviews,8.0,8.4,generally favorable reviews,E,2002.0,1,68.0,12.10762331838565,3.1390134529147984,0.0,11.0,3.66,7.64,228.0,Electronic Arts,Electronic Arts,Action
76,generally favorable reviews,14.0,7.7,generally favorable reviews,E10+,2011.0,3,71.0,10.92436974789916,5.88235294117647,1.680672268907563,3.0,3.83,7.24,161.0,LucasArts,Traveller's Tales,Action
76,generally favorable reviews,47.0,6.8,mixed or average reviews,M,2013.0,2,36.0,7.756410256410256,6.602564102564103,3.5256410256410255,2.0,1.11,3.0300000000000002,3078.0,Electronic Arts,Crytek,Shooter
76,generally favorable reviews,71.0,4.4,generally unfavorable reviews,T,2013.0,1,4.0,9.164352436253472,5.8318606412522085,29.916687705124968,9.0,0.12,0.72,3742.0,Sega,Creative Assembly,Strategy
76,generally favorable reviews,29.0,5.0,mixed or average reviews,M,2009.0,2,71.0,6.071428571428571,5.892857142857142,14.821428571428571,10.0,0.61,1.8900000000000001,704.0,Codemasters,Codemasters,Shooter
76,generally favorable reviews,16.0,6.8,mixed or average reviews,E,2004.0,1,64.0,5.0,5.0,5.0,5.0,0.11000000000000001,0.19,27.0,Electronic Arts,EA Canada,Sports
76,generally favorable reviews,20.0,7.8,generally favorable reviews,M,2009.0,3,72.0,15.31791907514451,4.913294797687861,3.7572254335260116,12.0,0.46,1.05,495.0,Electronic Arts,Pandemic Studios,Action
76,generally favorable reviews,23.0,6.4,mixed or average reviews,T,2005.0,1,68.0,4.444444444444445,8.88888888888889,11.11111111111111,3.0,0.18,0.32,33.0,Eidos Interactive,Crystal Dynamics,Action
76,generally favorable reviews,12.0,4.3,generally unfavorable reviews,E,2015.0,4,51.0,4.049844236760125,3.115264797507788,10.903426791277258,9.0,0.3,1.4400000000000002,1184.0,Konami Digital Entertainment,Konami,Sports
76,generally favorable reviews,31.0,6.8,mixed or average reviews,T,2005.0,1,69.0,16.666666666666664,1.282051282051282,0.0,9.0,1.22,1.27,71.0,Electronic Arts,Maxis,Simulation
76,generally favorable reviews,13.0,7.6,generally favorable reviews,M,2005.0,1,70.0,15.609756097560975,3.414634146341464,1.951219512195122,10.0,0.24000000000000002,0.41,189.0,Ubisoft,Rebellion,Shooter
75,generally favorable reviews,16.0,7.2,mixed or average reviews,M,2016.0,3,19.0,12.783318223028106,5.349048050770626,3.8984587488667275,11.0,0.54,1.4899999999999998,752.0,Ubisoft,Ubisoft Montreal,Action
75,generally favorable reviews,29.0,6.7,mixed or average reviews,M,2011.0,2,77.0,14.696485623003195,11.182108626198083,7.0287539936102235,6.0,0.43,0.93,408.0,THQ,Volition Inc.,Shooter
75,generally favorable reviews,16.0,6.7,mixed or average reviews,T,2010.0,2,72.0,6.369426751592357,4.45859872611465,2.547770700636943,6.0,1.12,2.71,613.0,Ubisoft,Ubisoft Montreal,Action
75,generally favorable reviews,10.0,7.7,generally favorable reviews,T,2008.0,1,59.0,3.8461538461538463,0.0,0.0,8.0,0.0,0.09,19.0,Electronic Arts,Electronic Arts,Simulation
75,generally favorable reviews,18.0,7.8,generally favorable reviews,T,2002.0,1,73.0,9.090909090909092,9.090909090909092,3.0303030303030303,3.0,1.72,3.07,22.0,Electronic Arts,Maxis,Simulation
75,generally favorable reviews,40.0,8.1,generally favorable reviews,M,2015.0,2,11.0,13.40909090909091,3.8636363636363633,2.1363636363636362,1.0,1.94,3.58,2969.0,Warner Bros. Interactive Entertainment,Techland,Action
75,generally favorable reviews,16.0,7.3,mixed or average reviews,E,2002.0,1,74.0,11.538461538461538,7.6923076923076925,1.9230769230769231,4.0,5.5600000000000005,8.4,63.0,Activision,Treyarch,Action
75,generally favorable reviews,12.0,7.4,mixed or average reviews,E,2002.0,1,75.0,15.789473684210526,10.526315789473683,0.0,9.0,0.71,1.27,34.0,Electronic Arts,EA Sports,Sports
75,generally favorable reviews,26.0,8.1,generally favorable reviews,T,2005.0,1,76.0,10.638297872340425,4.25531914893617,1.4184397163120568,9.0,1.51,1.93,117.0,Activision,Treyarch,Action
74,mixed or average reviews,27.0,7.7,generally favorable reviews,M,2004.0,1,73.0,7.885304659498208,6.810035842293908,0.35842293906810035,4.0,0.65,1.1400000000000001,58.0,Eidos Interactive,Io Interactive,Shooter
74,mixed or average reviews,34.0,7.5,generally favorable reviews,M,2011.0,2,88.0,19.7724039829303,7.539118065433854,3.1294452347083923,9.0,0.47,1.2000000000000002,990.0,THQ,Relic,Shooter
74,mixed or average reviews,18.0,6.7,mixed or average reviews,M,2016.0,3,30.0,6.439024390243903,4.975609756097561,4.682926829268292,2.0,1.1099999999999999,3.3,1197.0,Ubisoft,Ubisoft Montreal,Action
74,mixed or average reviews,8.0,8.1,generally favorable reviews,E,2003.0,3,92.0,13.636363636363635,0.9090909090909091,0.0,3.0,0.25,0.45999999999999996,137.0,Ubisoft,Ubisoft,Platform
74,mixed or average reviews,17.0,7.9,generally favorable reviews,T,2001.0,1,80.0,33.33333333333333,0.0,0.0,3.0,1.23,2.16,30.0,Electronic Arts,Maxis,Simulation
74,mixed or average reviews,13.0,5.3,mixed or average reviews,E,2019.0,3,86.0,20.224719101123593,7.865168539325842,12.359550561797752,10.0,0.68,2.06,718.0,Codemasters,Codemasters,Racing
74,mixed or average reviews,33.0,3.2,generally unfavorable reviews,T,2016.0,1,33.0,4.761904761904762,2.857142857142857,19.61904761904762,2.0,0.4,0.96,1652.0,Capcom,Capcom,Fighting
74,mixed or average reviews,15.0,7.4,mixed or average reviews,T,2003.0,1,94.0,17.647058823529413,11.76470588235294,5.88235294117647,4.0,0.16,0.31,24.0,Codemasters,Codemasters,Racing
74,mixed or average reviews,14.0,8.0,generally favorable reviews,E10+,2009.0,3,84.0,16.80672268907563,1.680672268907563,0.8403361344537815,9.0,0.5800000000000001,1.36,194.0,Eidos Interactive,Io Interactive,Action
74,mixed or average reviews,11.0,4.8,generally unfavorable reviews,M,2012.0,3,17.0,5.591612581128307,4.942586120818772,12.131802296555168,11.0,14.08,29.4,5041.0,Activision,Treyarch,Shooter
74,mixed or average reviews,14.0,7.3,mixed or average reviews,M,2015.0,6,60.0,5.396825396825397,6.349206349206349,3.492063492063492,3.0,0.3,1.11,549.0,Capcom,Capcom,Action
74,mixed or average reviews,9.0,7.6,generally favorable reviews,T,2007.0,1,69.0,16.666666666666664,0.0,0.0,9.0,0.01,0.03,24.0,Electronic Arts,Maxis,Simulation
74,mixed or average reviews,24.0,5.5,mixed or average reviews,T,2016.0,2,27.0,8.883553421368548,6.002400960384153,6.482593037214886,6.0,0.21,0.57,1450.0,Electronic Arts,EA DICE,Platform
74,mixed or average reviews,9.0,4.4,generally unfavorable reviews,E,2013.0,2,100.0,3.557312252964427,6.719367588932807,14.624505928853754,11.0,0.1,1.64,655.0,Konami Digital Entertainment,Konami,Action
73,mixed or average reviews,13.0,8.4,generally favorable reviews,T,2004.0,1,82.0,23.809523809523807,0.0,0.0,9.0,0.12,0.25,10.0,Square Enix,Square Enix,Role-Playing
72,mixed or average reviews,25.0,7.5,generally favorable reviews,M,2010.0,2,84.0,16.666666666666664,7.166666666666667,4.833333333333333,6.0,0.42000000000000004,0.85,829.0,Sega,Obsidian Entertainment,Role-Playing
72,mixed or average reviews,30.0,8.2,generally favorable reviews,T,2002.0,1,86.0,16.39344262295082,0.0,4.918032786885246,12.0,0.0,0.01,39.0,Microsoft Game Studios,Relic,Strategy
72,mixed or average reviews,19.0,3.6,generally unfavorable reviews,T,2015.0,2,8.0,3.6363636363636362,3.812316715542522,22.4633431085044,11.0,3.2399999999999998,5.57,1708.0,LucasArts,Pandemic Studios,Shooter
72,mixed or average reviews,10.0,4.4,generally unfavorable reviews,E10+,2006.0,2,88.0,8.823529411764707,5.88235294117647,32.35294117647059,9.0,0.82,0.98,247.0,Electronic Arts,EA Sports,Sports
72,mixed or average reviews,25.0,7.6,generally favorable reviews,M,2007.0,1,76.0,10.365853658536585,5.487804878048781,2.7439024390243905,6.0,0.14,0.19,269.0,Ubisoft,Techland,Shooter
72,mixed or average reviews,11.0,5.7,mixed or average reviews,E10+,2012.0,2,97.0,7.5829383886255926,4.739336492890995,8.056872037914692,5.0,0.1,0.41000000000000003,96.0,Codemasters,Codemasters,Racing
72,mixed or average reviews,37.0,4.7,generally unfavorable reviews,T,2011.0,2,35.0,7.972665148063782,9.111617312072893,25.05694760820046,6.0,0.46,0.93,587.0,Square Enix,Obsidian Entertainment,Role-Playing
72,mixed or average reviews,16.0,7.1,mixed or average reviews,T,2015.0,2,30.0,6.474820143884892,2.158273381294964,2.158273381294964,12.0,0.05,0.22,117.0,Electronic Arts,Maxis,Simulation
72,mixed or average reviews,24.0,6.9,mixed or average reviews,M,2009.0,2,23.0,11.254612546125461,6.088560885608856,7.011070110701106,1.0,2.82,4.75,822.0,THQ,Volition Inc.,Action
72,mixed or average reviews,32.0,6.5,mixed or average reviews,M,2006.0,3,92.0,12.380952380952381,7.142857142857142,10.476190476190476,3.0,0.89,1.09,99.0,Electronic Arts,Electronic Arts,Action
72,mixed or average reviews,9.0,7.6,generally favorable reviews,E,2003.0,1,94.0,37.5,25.0,0.0,9.0,0.1,0.16999999999999998,5.0,Codemasters,Codemasters,Racing
71,mixed or average reviews,8.0,8.6,generally favorable reviews,M,2001.0,1,90.0,9.125475285171103,1.1406844106463878,0.7604562737642585,4.0,1.36,3.8000000000000003,44.0,Eidos Interactive,Capcom,Action
71,mixed or average reviews,9.0,7.3,mixed or average reviews,E,2005.0,1,93.0,0.0,5.88235294117647,0.0,9.0,1.48,1.68,44.0,Electronic Arts,EA Canada,Sports
71,mixed or average reviews,11.0,7.8,generally favorable reviews,T,2002.0,1,93.0,22.727272727272727,0.0,4.545454545454546,12.0,0.16999999999999998,0.3,24.0,Konami Digital Entertainment,Konami,Adventure
71,mixed or average reviews,10.0,6.7,mixed or average reviews,E,2001.0,1,95.0,45.45454545454545,0.0,9.090909090909092,8.0,5.39,7.02,61.0,Electronic Arts,EA Sports,Sports
70,mixed or average reviews,42.0,7.1,mixed or average reviews,M,2009.0,1,46.0,8.21917808219178,6.8493150684931505,6.8493150684931505,4.0,0.0,0.04,204.0,THQ,Relic,Strategy
70,mixed or average reviews,18.0,6.3,mixed or average reviews,T,2008.0,2,82.0,8.21917808219178,12.32876712328767,4.10958904109589,11.0,1.8299999999999998,3.86,199.0,Activision,Treyarch,Action
70,mixed or average reviews,23.0,8.2,generally favorable reviews,M,2006.0,1,100.0,6.451612903225806,12.903225806451612,6.451612903225806,3.0,0.06,0.12000000000000001,5.0,THQ,Pandemic Studios,Strategy
70,mixed or average reviews,11.0,8.6,generally favorable reviews,M,2003.0,1,87.0,7.07070707070707,3.0303030303030303,1.0101010101010102,12.0,0.4,0.73,137.0,Eidos Interactive,Crystal Dynamics,Action
70,mixed or average reviews,8.0,7.7,generally favorable reviews,E,2000.0,1,87.0,11.11111111111111,0.0,0.0,11.0,0.06,0.16,0.0,Electronic Arts,EA Sports,Racing
70,mixed or average reviews,75.0,4.2,generally unfavorable reviews,T,2014.0,3,3.0,8.233936129280492,6.964217006540978,21.354367064255484,9.0,1.0,3.05,2057.0,Electronic Arts,Maxis,Simulation
70,mixed or average reviews,20.0,6.1,mixed or average reviews,T,2008.0,2,87.0,6.172839506172839,8.641975308641975,7.4074074074074066,9.0,1.15,2.31,256.0,Electronic Arts,Pandemic Studios,Shooter
69,mixed or average reviews,25.0,7.7,generally favorable reviews,T,2006.0,1,48.0,24.615384615384617,9.230769230769232,0.0,5.0,0.03,0.06,20.0,Eidos Interactive,Rebellion,Shooter
69,mixed or average reviews,34.0,7.0,mixed or average reviews,T,2016.0,2,38.0,20.098039215686274,4.6568627450980395,3.431372549019608,5.0,0.26,0.49,973.0,Take-Two Interactive,Gearbox Software,Shooter
69,mixed or average reviews,13.0,7.6,generally favorable reviews,E10+,2010.0,2,89.0,8.620689655172415,3.4482758620689653,1.7241379310344827,11.0,0.16,0.22,29.0,Deep Silver,Techland,Racing
69,mixed or average reviews,9.0,4.0,generally unfavorable reviews,E,2016.0,5,76.0,5.045871559633028,1.3761467889908259,11.009174311926607,9.0,0.05,0.6900000000000001,735.0,Konami Digital Entertainment,Konami,Sports
69,mixed or average reviews,18.0,6.2,mixed or average reviews,M,2013.0,5,39.0,7.02446724546172,5.130228887134964,6.787687450670877,3.0,2.1,5.22,3707.0,Capcom,Capcom,Shooter
68,mixed or average reviews,9.0,5.2,mixed or average reviews,E,2002.0,1,64.0,15.384615384615385,7.6923076923076925,38.46153846153847,10.0,1.04,1.8,22.0,Unknown,EA Sports,Racing
68,mixed or average reviews,35.0,7.4,mixed or average reviews,M,2010.0,2,14.0,9.75609756097561,5.871725383920506,5.149051490514905,2.0,0.96,2.29,1400.0,Sega,Rebellion,Shooter
67,mixed or average reviews,19.0,8.3,generally favorable reviews,M,2005.0,1,57.0,8.588957055214724,5.521472392638037,0.0,1.0,0.47,0.81,56.0,THQ,Volition Inc.,Action
66,mixed or average reviews,8.0,8.2,generally favorable reviews,M,2002.0,1,68.0,8.333333333333332,5.0,0.0,3.0,0.37,0.63,28.0,Eidos Interactive,Crystal Dynamics,Action
66,mixed or average reviews,24.0,6.1,mixed or average reviews,M,2015.0,4,75.0,5.681818181818182,7.954545454545454,5.113636363636364,1.0,0.0,0.060000000000000005,125.0,Deep Silver,Volition Inc.,Action
66,mixed or average reviews,23.0,7.2,mixed or average reviews,T,2007.0,2,13.0,17.12707182320442,3.591160220994475,9.116022099447514,6.0,1.71,2.62,259.0,Capcom,Capcom,Shooter
66,mixed or average reviews,23.0,8.1,generally favorable reviews,M,2009.0,1,35.0,16.917293233082706,5.263157894736842,3.7593984962406015,3.0,0.25,0.6900000000000001,362.0,Square Enix,Square Enix,Role-Playing
66,mixed or average reviews,13.0,7.3,mixed or average reviews,E10+,2009.0,2,79.0,14.285714285714285,4.761904761904762,4.761904761904762,11.0,2.87,5.12,74.0,Activision,Traveller's Tales,Action
66,mixed or average reviews,11.0,4.5,generally unfavorable reviews,E,2004.0,1,40.0,10.81081081081081,13.513513513513514,40.54054054054054,9.0,0.39,0.68,39.0,Electronic Arts,EA Sports,Sports
66,mixed or average reviews,12.0,4.0,generally unfavorable reviews,T,2010.0,2,80.0,3.3333333333333335,5.0,23.333333333333332,11.0,0.51,0.9199999999999999,95.0,Ubisoft,Ubisoft,Action
66,mixed or average reviews,7.0,6.8,mixed or average reviews,T,2015.0,2,78.0,11.594202898550725,3.6231884057971016,6.521739130434782,12.0,0.45999999999999996,1.34,774.0,Square Enix,Square Enix,Role-Playing
66,mixed or average reviews,21.0,6.7,mixed or average reviews,M,2012.0,3,43.0,9.713375796178344,10.987261146496815,3.662420382165605,4.0,0.8400000000000001,1.8199999999999998,253.0,505 Games,Rebellion,Shooter
66,mixed or average reviews,16.0,4.1,generally unfavorable reviews,E10+,2005.0,1,70.0,2.0202020202020203,2.0202020202020203,12.121212121212121,11.0,2.29,2.94,109.0,Electronic Arts,Electronic Arts,Action
65,mixed or average reviews,25.0,2.5,generally unfavorable reviews,M,2022.0,5,11.0,10.835214446952596,4.288939051918736,37.24604966139955,8.0,1.17,2.18,211.0,THQ,Volition Inc.,Action
65,mixed or average reviews,52.0,6.0,mixed or average reviews,T,2011.0,1,73.0,27.536231884057973,9.420289855072465,9.420289855072465,4.0,0.07,0.12,133.0,Electronic Arts,Maxis,Role-Playing
65,mixed or average reviews,8.0,4.6,generally unfavorable reviews,E10+,2007.0,3,99.0,13.636363636363635,18.181818181818183,13.636363636363635,9.0,0.38,0.5,67.0,Electronic Arts,EA Canada,Action
65,mixed or average reviews,16.0,4.6,generally unfavorable reviews,T,2006.0,2,90.0,16.666666666666664,11.11111111111111,33.33333333333333,3.0,1.53,2.01,111.0,Ubisoft,Ubisoft,Simulation
64,mixed or average reviews,10.0,5.9,mixed or average reviews,M,2003.0,2,39.0,6.521739130434782,10.869565217391305,13.043478260869565,4.0,0.61,1.65,50.0,THQ,Volition Inc.,Shooter
64,mixed or average reviews,75.0,2.2,generally unfavorable reviews,E10+,2013.0,1,2.0,4.035087719298246,3.399122807017544,37.85087719298246,3.0,0.93,2.01,4572.0,Nintendo,Maxis,Simulation
63,mixed or average reviews,15.0,6.2,mixed or average reviews,T,2010.0,2,66.0,18.095238095238095,2.857142857142857,5.714285714285714,10.0,0.6699999999999999,1.74,149.0,Capcom,Capcom,Shooter
62,mixed or average reviews,8.0,5.7,mixed or average reviews,E,2012.0,4,81.0,10.606060606060606,4.545454545454546,6.0606060606060606,11.0,0.13,0.61,102.0,Codemasters,Codemasters,Racing
61,mixed or average reviews,9.0,3.9,generally unfavorable reviews,E,2006.0,2,66.0,10.0,0.0,40.0,9.0,2.0,2.33,116.0,Electronic Arts,EA Sports,Sports
61,mixed or average reviews,27.0,6.8,mixed or average reviews,M,2014.0,1,33.0,9.615384615384617,10.384615384615385,3.3333333333333335,10.0,0.83,1.38,1409.0,Microsoft Game Studios,Crytek,Action
61,mixed or average reviews,35.0,6.1,mixed or average reviews,M,2013.0,2,69.0,10.121457489878543,8.097165991902834,4.8582995951417,4.0,0.7,1.45,773.0,Deep Silver,Techland,Action
60,mixed or average reviews,8.0,5.3,mixed or average reviews,T,2008.0,3,82.0,8.333333333333332,4.166666666666666,16.666666666666664,12.0,1.41,2.3200000000000003,55.0,Ubisoft,Ubisoft Montreal,Sports
59,mixed or average reviews,9.0,8.2,generally favorable reviews,E10+,2006.0,2,99.0,18.6046511627907,2.3255813953488373,0.0,11.0,0.22,0.28,47.0,Eidos Interactive,Traveller's Tales,Shooter
57,mixed or average reviews,13.0,6.7,mixed or average reviews,T,2002.0,1,99.0,8.695652173913043,8.695652173913043,0.0,10.0,0.6000000000000001,0.99,28.0,Ubisoft,Ubisoft,Adventure
55,mixed or average reviews,11.0,7.1,mixed or average reviews,E10+,2007.0,1,94.0,15.217391304347828,6.521739130434782,2.1739130434782608,3.0,0.9099999999999999,1.07,60.0,Ubisoft,Ubisoft Montreal,Action
52,mixed or average reviews,22.0,7.0,mixed or average reviews,T,2008.0,2,63.0,12.698412698412698,4.761904761904762,6.349206349206349,2.0,0.37,1.0999999999999999,124.0,Ubisoft,Ubisoft Montreal,Action
51,mixed or average reviews,12.0,3.5,generally unfavorable reviews,M,2011.0,2,76.0,0.5952380952380952,2.976190476190476,14.880952380952381,9.0,0.31,0.67,309.0,Ubisoft,Techland,Shooter
45,generally unfavorable reviews,40.0,3.6,generally unfavorable reviews,M,2013.0,2,26.0,5.649717514124294,7.263922518159806,14.608555286521389,2.0,0.86,2.15,2195.0,Sega,Gearbox Software,Shooter
40,generally unfavorable reviews,12.0,5.3,mixed or average reviews,M,2009.0,2,87.0,7.6923076923076925,7.6923076923076925,5.769230769230769,2.0,0.09,0.16999999999999998,60.0,Eidos Interactive,Rebellion,Shooter
29,generally unfavorable reviews,11.0,3.4,generally unfavorable reviews,M,2009.0,2,44.0,1.9736842105263157,2.631578947368421,26.973684210526315,12.0,0.2,0.24,130.0,Bethesda Softworks,Rebellion,Shooter
87,generally favorable reviews,26.0,6.3,mixed or average reviews,E,2013.0,8,2.0,6.374501992031872,3.054448871181939,5.843293492695882,11.0,2.81,16.48,2507.0,Electronic Arts,EA Canada,Sports
83,generally favorable reviews,37.0,5.7,mixed or average reviews,E,2015.0,3,33.0,16.161616161616163,8.080808080808081,12.626262626262626,8.0,5.84,7.41,334.0,Electronic Arts,EA Sports,Sports
82,generally favorable reviews,49.0,8.0,generally favorable reviews,M,2015.0,3,37.0,11.386861313868613,2.7737226277372264,1.167883211678832,3.0,0.64,1.31,464.0,Take-Two Interactive,Gearbox Software,Shooter
82,generally favorable reviews,35.0,4.1,generally unfavorable reviews,E,2016.0,3,44.0,11.180124223602485,4.3478260869565215,21.11801242236025,8.0,2.54,3.27,133.0,Electronic Arts,EA Sports,Sports
81,generally favorable reviews,37.0,6.0,mixed or average reviews,E,2014.0,3,36.0,14.479638009049776,10.407239819004525,9.049773755656108,8.0,5.7,7.26,388.0,Electronic Arts,EA Sports,Sports
80,generally favorable reviews,53.0,7.2,mixed or average reviews,E10+,2015.0,4,57.0,9.090909090909092,3.4090909090909087,3.4090909090909087,9.0,1.19,2.75,157.0,Warner Bros. Interactive Entertainment,Traveller's Tales,Action
79,generally favorable reviews,38.0,5.8,mixed or average reviews,T,2016.0,2,82.0,7.480314960629922,9.84251968503937,12.598425196850393,3.0,0.53,1.34,234.0,Electronic Arts,EA Sports,Sports
77,generally favorable reviews,27.0,7.4,mixed or average reviews,E10+,2017.0,4,98.0,22.972972972972975,8.108108108108109,2.7027027027027026,4.0,0.99,2.5700000000000003,283.0,Nintendo,TT Games,Platform
74,mixed or average reviews,13.0,5.3,mixed or average reviews,E,2013.0,4,15.0,13.492063492063492,4.761904761904762,11.11111111111111,11.0,4.88,5.8100000000000005,456.0,Electronic Arts,EA Sports,Sports
73,mixed or average reviews,10.0,5.9,mixed or average reviews,E10+,2015.0,4,93.0,11.11111111111111,7.4074074074074066,11.11111111111111,10.0,1.43,2.71,60.0,Ubisoft,Ubisoft,Misc
73,mixed or average reviews,43.0,6.9,mixed or average reviews,E10+,2014.0,8,78.0,9.79020979020979,7.6923076923076925,2.797202797202797,11.0,1.88,4.25,196.0,Warner Bros. Interactive Entertainment,TT Games,Action
72,mixed or average reviews,8.0,5.9,mixed or average reviews,E10+,2014.0,4,80.0,8.823529411764707,11.76470588235294,14.705882352941178,10.0,2.46,4.51,93.0,Ubisoft,Ubisoft,Misc
72,mixed or average reviews,33.0,8.1,generally favorable reviews,M,2016.0,2,56.0,14.324324324324325,2.9729729729729732,0.8108108108108109,11.0,0.07,0.28,73.0,Ubisoft,Ubisoft Montreal,Action
72,mixed or average reviews,47.0,6.6,mixed or average reviews,E10+,2014.0,7,82.0,6.140350877192982,4.385964912280701,2.631578947368421,4.0,0.79,2.44,169.0,Warner Bros. Interactive Entertainment,TT Games,Action
71,mixed or average reviews,70.0,7.1,mixed or average reviews,E10+,2016.0,7,93.0,9.615384615384617,4.487179487179487,0.641025641025641,1.0,0.9400000000000001,2.2199999999999998,159.0,Warner Bros. Interactive Entertainment,TT Games,Action
70,mixed or average reviews,57.0,6.1,mixed or average reviews,T,2014.0,2,92.0,8.108108108108109,11.14864864864865,8.445945945945946,6.0,0.76,1.52,431.0,Electronic Arts,EA Sports,Sports
60,mixed or average reviews,28.0,3.7,generally unfavorable reviews,E10+,2014.0,3,32.0,5.396825396825397,7.301587301587302,22.857142857142858,9.0,1.18,1.8199999999999998,578.0,Electronic Arts,EA Sports,Sports
59,mixed or average reviews,24.0,5.9,mixed or average reviews,E,2014.0,1,77.0,17.857142857142858,5.952380952380952,2.380952380952381,10.0,0.33,0.44,139.0,Electronic Arts,EA Sports,Sports
59,mixed or average reviews,27.0,6.0,mixed or average reviews,E,2015.0,1,99.0,17.333333333333336,6.666666666666667,4.0,9.0,0.19,0.29,132.0,Electronic Arts,EA Sports,Sports
43,generally unfavorable reviews,25.0,2.6,generally unfavorable reviews,E,2013.0,1,27.0,3.977272727272727,1.7045454545454544,10.227272727272728,11.0,0.31,0.44,263.0,Electronic Arts,EA Sports,Sports
80.0,generally favorable reviews,22.0,8.4,generally favorable reviews,M,2019.0,6,70.0,12.437810945273633,4.477611940298507,2.9850746268656714,5.0,4.38,7.5600000000000005,2022.0,Capcom,Capcom,Action
23.0,generally unfavorable reviews,39.0,2.8,generally unfavorable reviews,T,2013.0,1,19.0,1.8957345971563981,1.8957345971563981,6.161137440758294,11.0,0.11,0.19,211.0,Ubisoft,Ubisoft,Fighting
